{
    "test_loss": 0.82695029841529,
    "test_metrics": {
        "accuracy": 0.6388888888888888,
        "classification_report": {
            "neutral": {
                "precision": 0.5384615384615384,
                "recall": 0.3888888888888889,
                "f1-score": 0.45161290322580644,
                "support": 18.0
            },
            "happy": {
                "precision": 0.5,
                "recall": 0.6666666666666666,
                "f1-score": 0.5714285714285714,
                "support": 9.0
            },
            "sad": {
                "precision": 0.625,
                "recall": 0.5555555555555556,
                "f1-score": 0.5882352941176471,
                "support": 9.0
            },
            "angry": {
                "precision": 0.7777777777777778,
                "recall": 0.7777777777777778,
                "f1-score": 0.7777777777777778,
                "support": 9.0
            },
            "fearful": {
                "precision": 1.0,
                "recall": 0.5555555555555556,
                "f1-score": 0.7142857142857143,
                "support": 9.0
            },
            "disgust": {
                "precision": 0.7777777777777778,
                "recall": 0.7777777777777778,
                "f1-score": 0.7777777777777778,
                "support": 9.0
            },
            "surprised": {
                "precision": 0.5625,
                "recall": 1.0,
                "f1-score": 0.72,
                "support": 9.0
            },
            "accuracy": 0.6388888888888888,
            "macro avg": {
                "precision": 0.6830738705738705,
                "recall": 0.6746031746031746,
                "f1-score": 0.6573025769447564,
                "support": 72.0
            },
            "weighted avg": {
                "precision": 0.6649973290598291,
                "recall": 0.6388888888888888,
                "f1-score": 0.6315913677298876,
                "support": 72.0
            }
        },
        "confusion_matrix": [
            [
                7,
                3,
                2,
                1,
                0,
                1,
                4
            ],
            [
                2,
                6,
                1,
                0,
                0,
                0,
                0
            ],
            [
                1,
                1,
                5,
                1,
                0,
                0,
                1
            ],
            [
                1,
                1,
                0,
                7,
                0,
                0,
                0
            ],
            [
                1,
                1,
                0,
                0,
                5,
                1,
                1
            ],
            [
                1,
                0,
                0,
                0,
                0,
                7,
                1
            ],
            [
                0,
                0,
                0,
                0,
                0,
                0,
                9
            ]
        ]
    },
    "training_history": {
        "train_loss": [
            1.9500422931852794,
            1.947980489049639,
            1.9485442893845695,
            1.8722687250091916,
            1.6608613644327437,
            1.3640229900677998,
            1.0905454456806183,
            0.937533845504125,
            0.8188130167268571,
            0.7042135865915389,
            0.6758793862093062,
            0.6177785272399584
        ],
        "val_loss": [
            1.9487971994611952,
            1.94301704565684,
            1.9281545877456665,
            1.7880620426601834,
            1.5831572479671903,
            1.3766203324000041,
            1.1649046407805548,
            1.1064494914478726,
            0.9449235995610555,
            0.935544984208213,
            0.8878698382112715,
            0.8855185839864943
        ],
        "val_accuracy": [
            0.125,
            0.125,
            0.2361111111111111,
            0.4305555555555556,
            0.5277777777777778,
            0.5972222222222222,
            0.6944444444444444,
            0.6666666666666666,
            0.7083333333333334,
            0.6666666666666666,
            0.6666666666666666,
            0.6666666666666666
        ],
        "val_f1": [
            0.031746031746031744,
            0.031746031746031744,
            0.16607102611159408,
            0.4097619047619048,
            0.5378679145723355,
            0.6185862383230804,
            0.7007921745773408,
            0.6789595838335334,
            0.7159483148097949,
            0.6764175367116544,
            0.6825519535877592,
            0.6764323120552568
        ]
    }
}